{
	"credit": "Made with Blockbench",
	"textures": {
		"0": "gold_crowbar",
		"particle": "gold_crowbar"
	},
	"elements": [
		{
			"from": [7.5, 1.01009, 7.55932],
			"to": [8.5, 15.01009, 8.55932],
			"rotation": {"angle": 0, "axis": "y", "origin": [0, 6.51009, 1.05932]},
			"faces": {
				"north": {"uv": [0, 9.14286, 16, 13.71429], "rotation": 270, "texture": "#0"},
				"east": {"uv": [0, 11.42857, 16, 16], "rotation": 270, "texture": "#0"},
				"south": {"uv": [0, 9.14286, 16, 13.71429], "rotation": 270, "texture": "#0"},
				"west": {"uv": [0, 11.42857, 16, 16], "rotation": 270, "texture": "#0"},
				"up": {"uv": [4.57143, 11.42857, 6.85714, 13.71429], "texture": "#0"},
				"down": {"uv": [4.57143, 11.42857, 6.85714, 13.71429], "texture": "#0"}
			}
		},
		{
			"from": [7.4, 17.59701, 10.71521],
			"to": [7.9, 17.69701, 11.77521],
			"rotation": {"angle": 45, "axis": "x", "origin": [7.7, 17.74701, 9.96521]},
			"faces": {
				"north": {"uv": [0, 0, 2.28571, 2.28571], "rotation": 180, "texture": "#0"},
				"east": {"uv": [0, 0, 2.28571, 2.28571], "rotation": 180, "texture": "#0"},
				"south": {"uv": [0, 0, 2.28571, 2.28571], "rotation": 180, "texture": "#0"},
				"west": {"uv": [0, 0, 2.28571, 2.28571], "rotation": 180, "texture": "#0"},
				"up": {"uv": [0, 0, 2.28571, 2.28571], "rotation": 180, "texture": "#0"},
				"down": {"uv": [0, 0, 2.28571, 2.28571], "rotation": 180, "texture": "#0"}
			}
		},
		{
			"from": [7.4, 16.89285, 10.00498],
			"to": [7.9, 16.99285, 10.24498],
			"rotation": {"angle": 22.5, "axis": "x", "origin": [7.8, 15.99285, 10.45498]},
			"faces": {
				"north": {"uv": [0, 0, 2.28571, 2.28571], "rotation": 180, "texture": "#0"},
				"east": {"uv": [0, 0, 2.28571, 2.28571], "rotation": 180, "texture": "#0"},
				"south": {"uv": [0, 0, 2.28571, 2.28571], "rotation": 180, "texture": "#0"},
				"west": {"uv": [0, 0, 2.28571, 2.28571], "rotation": 180, "texture": "#0"},
				"up": {"uv": [0, 0, 2.28571, 2.28571], "rotation": 180, "texture": "#0"},
				"down": {"uv": [0, 0, 2.28571, 2.28571], "rotation": 180, "texture": "#0"}
			}
		},
		{
			"from": [7.4, 16.80046, 9.96671],
			"to": [7.9, 16.90046, 10.43671],
			"rotation": {"angle": 22.5, "axis": "x", "origin": [7.8, 15.90046, 10.41671]},
			"faces": {
				"north": {"uv": [0, 0, 2.28571, 2.28571], "rotation": 180, "texture": "#0"},
				"east": {"uv": [0, 0, 2.28571, 2.28571], "rotation": 180, "texture": "#0"},
				"south": {"uv": [0, 0, 2.28571, 2.28571], "rotation": 180, "texture": "#0"},
				"west": {"uv": [0, 0, 2.28571, 2.28571], "rotation": 180, "texture": "#0"},
				"up": {"uv": [0, 0, 2.28571, 2.28571], "rotation": 180, "texture": "#0"},
				"down": {"uv": [0, 0, 2.28571, 2.28571], "rotation": 180, "texture": "#0"}
			}
		},
		{
			"from": [7.4, 16.70807, 9.92844],
			"to": [7.9, 16.80807, 10.63844],
			"rotation": {"angle": 22.5, "axis": "x", "origin": [7.8, 15.80807, 10.37844]},
			"faces": {
				"north": {"uv": [0, 0, 2.28571, 2.28571], "rotation": 180, "texture": "#0"},
				"east": {"uv": [0, 0, 2.28571, 2.28571], "rotation": 180, "texture": "#0"},
				"south": {"uv": [0, 0, 2.28571, 2.28571], "rotation": 180, "texture": "#0"},
				"west": {"uv": [0, 0, 2.28571, 2.28571], "rotation": 180, "texture": "#0"},
				"up": {"uv": [0, 0, 2.28571, 2.28571], "rotation": 180, "texture": "#0"},
				"down": {"uv": [0, 0, 2.28571, 2.28571], "rotation": 180, "texture": "#0"}
			}
		},
		{
			"from": [7.4, 16.53956, 10.27285],
			"to": [7.9, 16.63956, 11.22285],
			"rotation": {"angle": 22.5, "axis": "x", "origin": [7.8, 16.63956, 10.72285]},
			"faces": {
				"north": {"uv": [0, 0, 2.28571, 2.28571], "rotation": 180, "texture": "#0"},
				"east": {"uv": [0, 0, 2.28571, 2.28571], "rotation": 180, "texture": "#0"},
				"south": {"uv": [0, 0, 2.28571, 2.28571], "rotation": 180, "texture": "#0"},
				"west": {"uv": [0, 0, 2.28571, 2.28571], "rotation": 180, "texture": "#0"},
				"up": {"uv": [0, 0, 2.28571, 2.28571], "rotation": 180, "texture": "#0"},
				"down": {"uv": [0, 0, 2.28571, 2.28571], "rotation": 180, "texture": "#0"}
			}
		},
		{
			"from": [8.1, 17.59701, 10.71521],
			"to": [8.6, 17.69701, 11.77521],
			"rotation": {"angle": 45, "axis": "x", "origin": [8.3, 17.74701, 9.96521]},
			"faces": {
				"north": {"uv": [0, 0, 2.28571, 2.28571], "rotation": 180, "texture": "#0"},
				"east": {"uv": [0, 0, 2.28571, 2.28571], "rotation": 180, "texture": "#0"},
				"south": {"uv": [0, 0, 2.28571, 2.28571], "rotation": 180, "texture": "#0"},
				"west": {"uv": [0, 0, 2.28571, 2.28571], "rotation": 180, "texture": "#0"},
				"up": {"uv": [0, 0, 2.28571, 2.28571], "rotation": 180, "texture": "#0"},
				"down": {"uv": [0, 0, 2.28571, 2.28571], "rotation": 180, "texture": "#0"}
			}
		},
		{
			"from": [8.1, 16.89285, 10.00498],
			"to": [8.6, 16.99285, 10.24498],
			"rotation": {"angle": 22.5, "axis": "x", "origin": [8.2, 15.99285, 10.45498]},
			"faces": {
				"north": {"uv": [0, 0, 2.28571, 2.28571], "rotation": 180, "texture": "#0"},
				"east": {"uv": [0, 0, 2.28571, 2.28571], "rotation": 180, "texture": "#0"},
				"south": {"uv": [0, 0, 2.28571, 2.28571], "rotation": 180, "texture": "#0"},
				"west": {"uv": [0, 0, 2.28571, 2.28571], "rotation": 180, "texture": "#0"},
				"up": {"uv": [0, 0, 2.28571, 2.28571], "rotation": 180, "texture": "#0"},
				"down": {"uv": [0, 0, 2.28571, 2.28571], "rotation": 180, "texture": "#0"}
			}
		},
		{
			"from": [8.1, 16.80046, 9.96671],
			"to": [8.6, 16.90046, 10.43671],
			"rotation": {"angle": 22.5, "axis": "x", "origin": [8.2, 15.90046, 10.41671]},
			"faces": {
				"north": {"uv": [0, 0, 2.28571, 2.28571], "rotation": 180, "texture": "#0"},
				"east": {"uv": [0, 0, 2.28571, 2.28571], "rotation": 180, "texture": "#0"},
				"south": {"uv": [0, 0, 2.28571, 2.28571], "rotation": 180, "texture": "#0"},
				"west": {"uv": [0, 0, 2.28571, 2.28571], "rotation": 180, "texture": "#0"},
				"up": {"uv": [0, 0, 2.28571, 2.28571], "rotation": 180, "texture": "#0"},
				"down": {"uv": [0, 0, 2.28571, 2.28571], "rotation": 180, "texture": "#0"}
			}
		},
		{
			"from": [8.1, 16.70807, 9.92844],
			"to": [8.6, 16.80807, 10.63844],
			"rotation": {"angle": 22.5, "axis": "x", "origin": [8.2, 15.80807, 10.37844]},
			"faces": {
				"north": {"uv": [0, 0, 2.28571, 2.28571], "rotation": 180, "texture": "#0"},
				"east": {"uv": [0, 0, 2.28571, 2.28571], "rotation": 180, "texture": "#0"},
				"south": {"uv": [0, 0, 2.28571, 2.28571], "rotation": 180, "texture": "#0"},
				"west": {"uv": [0, 0, 2.28571, 2.28571], "rotation": 180, "texture": "#0"},
				"up": {"uv": [0, 0, 2.28571, 2.28571], "rotation": 180, "texture": "#0"},
				"down": {"uv": [0, 0, 2.28571, 2.28571], "rotation": 180, "texture": "#0"}
			}
		},
		{
			"from": [8.1, 16.53956, 10.27285],
			"to": [8.6, 16.63956, 11.22285],
			"rotation": {"angle": 22.5, "axis": "x", "origin": [8.2, 16.63956, 10.72285]},
			"faces": {
				"north": {"uv": [0, 0, 2.28571, 2.28571], "rotation": 180, "texture": "#0"},
				"east": {"uv": [0, 0, 2.28571, 2.28571], "rotation": 180, "texture": "#0"},
				"south": {"uv": [0, 0, 2.28571, 2.28571], "rotation": 180, "texture": "#0"},
				"west": {"uv": [0, 0, 2.28571, 2.28571], "rotation": 180, "texture": "#0"},
				"up": {"uv": [0, 0, 2.28571, 2.28571], "rotation": 180, "texture": "#0"},
				"down": {"uv": [0, 0, 2.28571, 2.28571], "rotation": 180, "texture": "#0"}
			}
		},
		{
			"from": [7.6, 15.01009, 7.65932],
			"to": [8.4, 17.01009, 8.45932],
			"rotation": {"angle": 0, "axis": "y", "origin": [0, 7.51009, 1.05932]},
			"faces": {
				"north": {"uv": [0, 0, 2.28571, 2.28571], "rotation": 180, "texture": "#0"},
				"east": {"uv": [0, 0, 2.28571, 2.28571], "rotation": 180, "texture": "#0"},
				"south": {"uv": [0, 0, 2.28571, 2.28571], "rotation": 180, "texture": "#0"},
				"west": {"uv": [0, 0, 2.28571, 2.28571], "rotation": 180, "texture": "#0"},
				"up": {"uv": [0, 0, 2.28571, 2.28571], "rotation": 180, "texture": "#0"},
				"down": {"uv": [0, 0, 2.28571, 2.28571],